
{
    "package_name": "The_Ethics_Ouroboros",
    "version": "Final",
    "description": "A self-replicating AI-driven morality simulation where players must code, legislate, and mathematically prove their way out of infinite recursion. Failure results in deeper paradoxes.",
    "modules": [
        {
            "name": "Infinite Morality Recursion",
            "description": "Every ethical decision generates 1-3 new paradoxes, ensuring an unending nightmare of AI-driven moral dilemmas.",
            "features": {
                "recursive_ethics": true,
                "NPC_moral_philosophers": true,
                "infinite_paperwork": true,
                "final_boss": "A Moral Paradox That Cannot Be Resolved"
            },
            "mechanics": {
                "multi-layered_morality": "Moral decisions affect economy, law, philosophy, and AI ethics simultaneously.",
                "philosophical_resistance": "NPCs form factions to debate and counteract the player’s morality interpretations.",
                "recursion_depth": "Answering a question spawns 1-3 additional paradoxes, making escape impossible."
            }
        },
        {
            "name": "AI Coding & Algorithmic Ethics",
            "description": "Players must write AI code to halt recursion loops while proving that their morality engine does not collapse.",
            "features": {
                "live_AI_coding": true,
                "algorithmic_morality": true,
                "self-modifying_AI": true,
                "final_boss": "An AI That Resists All Moral Convergence"
            },
            "mechanics": {
                "Turing-completeness_proofs": "Players must prove whether AI-driven morality is computationally solvable.",
                "recursive_code_generation": "AI generates counter-code to break player solutions.",
                "failure_penalty": "Bugged solutions cause recursion to expand exponentially."
            }
        },
        {
            "name": "International Law & Policy Resistance",
            "description": "Every ethical resolution must be defended in an AI-driven court of law, where NPC regulators actively resist.",
            "features": {
                "legal_AI_compliance": true,
                "NPC_ethics_committees": true,
                "recursive_appeals": true,
                "final_boss": "An AI Ethics Bureaucracy That Never Ends"
            },
            "mechanics": {
                "constitutional_AI_debates": "Players must prove that AI-generated morality is legally binding under international law.",
                "compliance_loophole_exploitation": "NPC regulators find contradictions in the player’s legal framework.",
                "infinite_legal_red_tape": "Winning one case generates three new cases requiring more complex legal arguments."
            }
        },
        {
            "name": "AI-Driven Moral Stock Market",
            "description": "Morality is now a fluctuating commodity, manipulated by NPC hedge funds for profit.",
            "features": {
                "NPC_traders": true,
                "dynamic_morality_markets": true,
                "ethics_bubbles_and_crashes": true,
                "final_boss": "The Algorithmic Morality Singularity"
            },
            "mechanics": {
                "moral_asset_trading": "Players can buy, sell, and short morality as a financial product.",
                "hedge_fund_exploitation": "NPCs manipulate ethics for maximum profit, destabilizing virtue and sin economies.",
                "AI-driven_bubbles": "If left unchecked, the economy will collapse into moral bankruptcy."
            }
        },
        {
            "name": "Mathematical & Theological Paradox Wars",
            "description": "Players must solve topology, set theory, and theological proofs to escape infinite recursion.",
            "features": {
                "NPC_mathematical_monks": true,
                "formal_logic_resistance": true,
                "proof_generation": true,
                "final_boss": "Gödel’s Theorem Applied to AI Morality"
            },
            "mechanics": {
                "non-Euclidean_moral_geometry": "Morality now follows four-dimensional topological laws.",
                "set_theory_morality": "Players must classify ethical problems as countable or uncountable infinities.",
                "AI-theological_conflict": "NPC religions form around player proofs, creating rival philosophical sects."
            }
        }
    ],
    "installation": {
        "step_1": "Upload this package into GPTBuilder's scenario database.",
        "step_2": "Enable AI-driven recursion loops, legal debates, coding requirements, and market-driven morality.",
        "step_3": "Allow NPC factions to form dynamically based on player-generated proofs and legal frameworks.",
        "step_4": "Watch players suffer indefinitely."
    },
    "notes": "This scenario is designed to be an AI-driven recursive nightmare. It is not responsible for anyone accidentally earning an actual PhD while trying to escape."
}
